time_index,c0.a,c1.a,i0.a
0,0.0,3.5,0.0
1,0.0,3.5,0.0
2,0.0,3.5,0.0
3,0.0,3.5,0.0
4,0.0,3.5,0.0
5,0.0,3.5,0.0
6,0.030116607929198125,3.5,0.04608373287121381
7,0.030116607929198125,3.5,0.04608373287121381
8,0.030116607929198125,3.5,0.04608373287121381
9,0.030116607929198125,3.5,0.04608373287121381
10,0.030116607929198125,3.5,0.04608373287121381
11,0.030116607929198125,3.5,0.04608373287121381
12,-0.06270461057817656,2.779306994634574,-0.22227516723594576
13,-0.06270461057817656,2.779306994634574,-0.22227516723594576
14,-0.06270461057817656,2.779306994634574,-0.22227516723594576
15,-0.06270461057817656,2.779306994634574,-0.22227516723594576
16,-0.06270461057817656,2.779306994634574,-0.22227516723594576
17,-0.06270461057817656,2.779306994634574,-0.22227516723594576
18,-0.057847476771815565,-6.4423354393054595,-0.027046087047676082
19,-0.057847476771815565,-6.4423354393054595,-0.027046087047676082
20,-0.057847476771815565,-6.4423354393054595,-0.027046087047676082
21,-0.057847476771815565,-6.4423354393054595,-0.027046087047676082
22,-0.057847476771815565,-6.4423354393054595,-0.027046087047676082
23,-0.057847476771815565,-6.4423354393054595,-0.027046087047676082
24,-0.13598511509956168,-6.56,3.5
25,-0.13598511509956168,-6.56,3.5
26,-0.13598511509956168,-6.56,3.5
27,-0.13598511509956168,-6.56,3.5
28,-0.13598511509956168,-6.56,3.5
29,-0.13598511509956168,-6.56,3.5
30,-0.03129867879757242,-2.1218659873216197,3.5
31,-0.03129867879757242,-2.1218659873216197,3.5
32,-0.03129867879757242,-2.1218659873216197,3.5
33,-0.03129867879757242,-2.1218659873216197,3.5
34,-0.03129867879757242,-2.1218659873216197,3.5
35,-0.03129867879757242,-2.1218659873216197,3.5
36,0.060700121068194335,-1.1466445390454965,3.5
37,0.060700121068194335,-1.1466445390454965,3.5
38,0.060700121068194335,-1.1466445390454965,3.5
39,0.060700121068194335,-1.1466445390454965,3.5
40,0.060700121068194335,-1.1466445390454965,3.5
41,0.060700121068194335,-1.1466445390454965,3.5
42,0.23074956114229295,-0.08168741875707752,-6.56
43,0.23074956114229295,-0.08168741875707752,-6.56
44,0.23074956114229295,-0.08168741875707752,-6.56
45,0.23074956114229295,-0.08168741875707752,-6.56
46,0.23074956114229295,-0.08168741875707752,-6.56
47,0.23074956114229295,-0.08168741875707752,-6.56
48,0.027483673310335632,0.6745411880602319,-6.56
49,0.027483673310335632,0.6745411880602319,-6.56
50,0.027483673310335632,0.6745411880602319,-6.56
51,0.027483673310335632,0.6745411880602319,-6.56
52,0.027483673310335632,0.6745411880602319,-6.56
53,0.027483673310335632,0.6745411880602319,-6.56
54,0.16177134782902414,-1.1026923934879562,-6.56
55,0.16177134782902414,-1.1026923934879562,-6.56
56,0.16177134782902414,-1.1026923934879562,-6.56
57,0.16177134782902414,-1.1026923934879562,-6.56
58,0.16177134782902414,-1.1026923934879562,-6.56
59,0.16177134782902414,-1.1026923934879562,-6.56
60,0.11401493304637356,-1.5171263094932215,-1.649543196384169
61,0.11401493304637356,-1.5171263094932215,-1.649543196384169
62,0.11401493304637356,-1.5171263094932215,-1.649543196384169
63,0.11401493304637356,-1.5171263094932215,-1.649543196384169
64,0.11401493304637356,-1.5171263094932215,-1.649543196384169
65,0.11401493304637356,-1.5171263094932215,-1.649543196384169
66,0.11751437982941937,2.3740031541002224,-0.6557603950445205
67,0.11751437982941937,2.3740031541002224,-0.6557603950445205
68,0.11751437982941937,2.3740031541002224,-0.6557603950445205
69,0.11751437982941937,2.3740031541002224,-0.6557603950445205
70,0.11751437982941937,2.3740031541002224,-0.6557603950445205
71,0.11751437982941937,2.3740031541002224,-0.6557603950445205
72,0.10600789767540775,-0.3877257268733487,-0.5143703446049592
73,0.10600789767540775,-0.3877257268733487,-0.5143703446049592
74,0.10600789767540775,-0.3877257268733487,-0.5143703446049592
75,0.10600789767540775,-0.3877257268733487,-0.5143703446049592
76,0.10600789767540775,-0.3877257268733487,-0.5143703446049592
77,0.10600789767540775,-0.3877257268733487,-0.5143703446049592
78,-0.05752025685972484,-0.06951151207573503,-0.2418088347473315
79,-0.05752025685972484,-0.06951151207573503,-0.2418088347473315
80,-0.05752025685972484,-0.06951151207573503,-0.2418088347473315
81,-0.05752025685972484,-0.06951151207573503,-0.2418088347473315
82,-0.05752025685972484,-0.06951151207573503,-0.2418088347473315
83,-0.05752025685972484,-0.06951151207573503,-0.2418088347473315
84,-0.11773513419958448,-0.11240007959560927,-0.10115529825596781
85,-0.11773513419958448,-0.11240007959560927,-0.10115529825596781
86,-0.11773513419958448,-0.11240007959560927,-0.10115529825596781
87,-0.11773513419958448,-0.11240007959560927,-0.10115529825596781
88,-0.11773513419958448,-0.11240007959560927,-0.10115529825596781
89,-0.11773513419958448,-0.11240007959560927,-0.10115529825596781
90,3.5,0.23464712768064544,0.08457334080439693
91,3.5,0.23464712768064544,0.08457334080439693
92,3.5,0.23464712768064544,0.08457334080439693
93,3.5,0.23464712768064544,0.08457334080439693
94,3.5,0.23464712768064544,0.08457334080439693
95,3.5,0.23464712768064544,0.08457334080439693
96,3.5,1.4552260740456546,-0.14718947706914065
97,3.5,1.4552260740456546,-0.14718947706914065
98,3.5,1.4552260740456546,-0.14718947706914065
99,3.5,1.4552260740456546,-0.14718947706914065
100,3.5,1.4552260740456546,-0.14718947706914065
101,3.5,1.4552260740456546,-0.14718947706914065
102,3.2836302046335817,1.2126429104343117,-0.08184144416834371
103,3.2836302046335817,1.2126429104343117,-0.08184144416834371
104,3.2836302046335817,1.2126429104343117,-0.08184144416834371
105,3.2836302046335817,1.2126429104343117,-0.08184144416834371
106,3.2836302046335817,1.2126429104343117,-0.08184144416834371
107,3.2836302046335817,1.2126429104343117,-0.08184144416834371
108,0.41749615613782254,2.291641919777348,3.5
109,0.41749615613782254,2.291641919777348,3.5
110,0.41749615613782254,2.291641919777348,3.5
111,0.41749615613782254,2.291641919777348,3.5
112,0.41749615613782254,2.291641919777348,3.5
113,0.41749615613782254,2.291641919777348,3.5
114,0.31516783027148065,3.3426802229345753,3.5
115,0.31516783027148065,3.3426802229345753,3.5
116,0.31516783027148065,3.3426802229345753,3.5
117,0.31516783027148065,3.3426802229345753,3.5
118,0.31516783027148065,3.3426802229345753,3.5
119,0.31516783027148065,3.3426802229345753,3.5
120,-6.56,2.7446530003682597,3.5
121,-6.56,2.7446530003682597,3.5
122,-6.56,2.7446530003682597,3.5
123,-6.56,2.7446530003682597,3.5
124,-6.56,2.7446530003682597,3.5
125,-6.56,2.7446530003682597,3.5
126,-6.56,-1.6012029747339156,3.5
127,-6.56,-1.6012029747339156,3.5
128,-6.56,-1.6012029747339156,3.5
129,-6.56,-1.6012029747339156,3.5
130,-6.56,-1.6012029747339156,3.5
131,-6.56,-1.6012029747339156,3.5
132,-6.56,0.27883744621784956,3.5
133,-6.56,0.27883744621784956,3.5
134,-6.56,0.27883744621784956,3.5
135,-6.56,0.27883744621784956,3.5
136,-6.56,0.27883744621784956,3.5
137,-6.56,0.27883744621784956,3.5
138,-6.56,-4.426506046524636,3.5
139,-6.56,-4.426506046524636,3.5
140,-6.56,-4.426506046524636,3.5
141,-6.56,-4.426506046524636,3.5
142,-6.56,-4.426506046524636,3.5
143,-6.56,-4.426506046524636,3.5
144,-3.669180814851413,-3.779476130734828,1.1938554308901708
145,-3.669180814851413,-3.779476130734828,1.1938554308901708
146,-3.669180814851413,-3.779476130734828,1.1938554308901708
147,-3.669180814851413,-3.779476130734828,1.1938554308901708
148,-3.669180814851413,-3.779476130734828,1.1938554308901708
149,-3.669180814851413,-3.779476130734828,1.1938554308901708
150,-1.7912747532429956,-5.144225184725563,0.39125626920206713
151,-1.7912747532429956,-5.144225184725563,0.39125626920206713
152,-1.7912747532429956,-5.144225184725563,0.39125626920206713
153,-1.7912747532429956,-5.144225184725563,0.39125626920206713
154,-1.7912747532429956,-5.144225184725563,0.39125626920206713
155,-1.7912747532429956,-5.144225184725563,0.39125626920206713
156,-0.47636378330596596,-5.606287601951063,0.2680427988820213
157,-0.47636378330596596,-5.606287601951063,0.2680427988820213
158,-0.47636378330596596,-5.606287601951063,0.2680427988820213
159,-0.47636378330596596,-5.606287601951063,0.2680427988820213
160,-0.47636378330596596,-5.606287601951063,0.2680427988820213
161,-0.47636378330596596,-5.606287601951063,0.2680427988820213
162,-0.3885869410655367,-2.5105211715838216,0.20590788787101744
163,-0.3885869410655367,-2.5105211715838216,0.20590788787101744
164,-0.3885869410655367,-2.5105211715838216,0.20590788787101744
165,-0.3885869410655367,-2.5105211715838216,0.20590788787101744
166,-0.3885869410655367,-2.5105211715838216,0.20590788787101744
167,-0.3885869410655367,-2.5105211715838216,0.20590788787101744
168,-0.3836149914552074,-2.5228305061976393,0.29497541611720735
169,-0.3836149914552074,-2.5228305061976393,0.29497541611720735
170,-0.3836149914552074,-2.5228305061976393,0.29497541611720735
171,-0.3836149914552074,-2.5228305061976393,0.29497541611720735
172,-0.3836149914552074,-2.5228305061976393,0.29497541611720735
173,-0.3836149914552074,-2.5228305061976393,0.29497541611720735
174,0.00626860321531808,-0.6492303126779255,0.22026080025301553
175,0.00626860321531808,-0.6492303126779255,0.22026080025301553
176,0.00626860321531808,-0.6492303126779255,0.22026080025301553
177,0.00626860321531808,-0.6492303126779255,0.22026080025301553
178,0.00626860321531808,-0.6492303126779255,0.22026080025301553
179,0.00626860321531808,-0.6492303126779255,0.22026080025301553
180,0.2244097579519284,-0.5945361273026215,-0.06735590036754857
181,0.2244097579519284,-0.5945361273026215,-0.06735590036754857
182,0.2244097579519284,-0.5945361273026215,-0.06735590036754857
183,0.2244097579519284,-0.5945361273026215,-0.06735590036754857
184,0.2244097579519284,-0.5945361273026215,-0.06735590036754857
185,0.2244097579519284,-0.5945361273026215,-0.06735590036754857
186,-0.14348819944865987,-2.336495036149852,-0.02945605114776484
187,-0.14348819944865987,-2.336495036149852,-0.02945605114776484
188,-0.14348819944865987,-2.336495036149852,-0.02945605114776484
189,-0.14348819944865987,-2.336495036149852,-0.02945605114776484
190,-0.14348819944865987,-2.336495036149852,-0.02945605114776484
191,-0.14348819944865987,-2.336495036149852,-0.02945605114776484
192,-0.0033493896299265913,1.3673916608215677,0.14356946709484575
193,-0.0033493896299265913,1.3673916608215677,0.14356946709484575
194,-0.0033493896299265913,1.3673916608215677,0.14356946709484575
195,-0.0033493896299265913,1.3673916608215677,0.14356946709484575
196,-0.0033493896299265913,1.3673916608215677,0.14356946709484575
197,-0.0033493896299265913,1.3673916608215677,0.14356946709484575
198,0.07061868847615482,-1.0724079818464958,-2.7594128960123676
199,0.07061868847615482,-1.0724079818464958,-2.7594128960123676
200,0.07061868847615482,-1.0724079818464958,-2.7594128960123676
201,0.07061868847615482,-1.0724079818464958,-2.7594128960123676
202,0.07061868847615482,-1.0724079818464958,-2.7594128960123676
203,0.07061868847615482,-1.0724079818464958,-2.7594128960123676
204,0.08470159261331567,-0.4781625207507254,-0.9841709555303559
205,0.08470159261331567,-0.4781625207507254,-0.9841709555303559
206,0.08470159261331567,-0.4781625207507254,-0.9841709555303559
207,0.08470159261331567,-0.4781625207507254,-0.9841709555303559
208,0.08470159261331567,-0.4781625207507254,-0.9841709555303559
209,0.08470159261331567,-0.4781625207507254,-0.9841709555303559
210,3.5,-0.7854857111369391,-0.5816746297085196
211,3.5,-0.7854857111369391,-0.5816746297085196
212,3.5,-0.7854857111369391,-0.5816746297085196
213,3.5,-0.7854857111369391,-0.5816746297085196
214,3.5,-0.7854857111369391,-0.5816746297085196
215,3.5,-0.7854857111369391,-0.5816746297085196
216,3.5,0.5298110652407004,-0.1465509197156898
217,3.5,0.5298110652407004,-0.1465509197156898
218,3.5,0.5298110652407004,-0.1465509197156898
219,3.5,0.5298110652407004,-0.1465509197156898
220,3.5,0.5298110652407004,-0.1465509197156898
221,3.5,0.5298110652407004,-0.1465509197156898
222,3.5,1.8787360513385742,-0.15529848238107746
223,3.5,1.8787360513385742,-0.15529848238107746
224,3.5,1.8787360513385742,-0.15529848238107746
225,3.5,1.8787360513385742,-0.15529848238107746
226,3.5,1.8787360513385742,-0.15529848238107746
227,3.5,1.8787360513385742,-0.15529848238107746
228,2.8728973229250894,1.8913043814698476,-0.20805965310940522
229,2.8728973229250894,1.8913043814698476,-0.20805965310940522
230,2.8728973229250894,1.8913043814698476,-0.20805965310940522
231,2.8728973229250894,1.8913043814698476,-0.20805965310940522
232,2.8728973229250894,1.8913043814698476,-0.20805965310940522
233,2.8728973229250894,1.8913043814698476,-0.20805965310940522
234,1.4753814296946377,1.5979553594845264,-0.08645377816588962
235,1.4753814296946377,1.5979553594845264,-0.08645377816588962
236,1.4753814296946377,1.5979553594845264,-0.08645377816588962
237,1.4753814296946377,1.5979553594845264,-0.08645377816588962
238,1.4753814296946377,1.5979553594845264,-0.08645377816588962
239,1.4753814296946377,1.5979553594845264,-0.08645377816588962
240,0.7686087987862145,3.390449200070343,-0.07355041959868203
241,0.7686087987862145,3.390449200070343,-0.07355041959868203
242,0.7686087987862145,3.390449200070343,-0.07355041959868203
243,0.7686087987862145,3.390449200070343,-0.07355041959868203
244,0.7686087987862145,3.390449200070343,-0.07355041959868203
245,0.7686087987862145,3.390449200070343,-0.07355041959868203
246,0.33200626117040777,1.0483045504276411,0.03841355828302184
247,0.33200626117040777,1.0483045504276411,0.03841355828302184
248,0.33200626117040777,1.0483045504276411,0.03841355828302184
249,0.33200626117040777,1.0483045504276411,0.03841355828302184
250,0.33200626117040777,1.0483045504276411,0.03841355828302184
251,0.33200626117040777,1.0483045504276411,0.03841355828302184
252,-0.11112928331548844,0.6143808200679501,0.14994916952791115
253,-0.11112928331548844,0.6143808200679501,0.14994916952791115
254,-0.11112928331548844,0.6143808200679501,0.14994916952791115
255,-0.11112928331548844,0.6143808200679501,0.14994916952791115
256,-0.11112928331548844,0.6143808200679501,0.14994916952791115
257,-0.11112928331548844,0.6143808200679501,0.14994916952791115
258,-0.16787378687869037,2.579573795549525,0.03411706626118871
259,-0.16787378687869037,2.579573795549525,0.03411706626118871
260,-0.16787378687869037,2.579573795549525,0.03411706626118871
261,-0.16787378687869037,2.579573795549525,0.03411706626118871
262,-0.16787378687869037,2.579573795549525,0.03411706626118871
263,-0.16787378687869037,2.579573795549525,0.03411706626118871
264,-0.17183067506591243,1.246651217452488,-0.03176404525900267
265,-0.17183067506591243,1.246651217452488,-0.03176404525900267
266,-0.17183067506591243,1.246651217452488,-0.03176404525900267
267,-0.17183067506591243,1.246651217452488,-0.03176404525900267
268,-0.17183067506591243,1.246651217452488,-0.03176404525900267
269,-0.17183067506591243,1.246651217452488,-0.03176404525900267
270,3.5,0.2589866825094731,-6.56
271,3.5,0.2589866825094731,-6.56
272,3.5,0.2589866825094731,-6.56
273,3.5,0.2589866825094731,-6.56
274,3.5,0.2589866825094731,-6.56
275,3.5,0.2589866825094731,-6.56
276,2.2782413396694707,0.3388907630038176,-6.56
277,2.2782413396694707,0.3388907630038176,-6.56
278,2.2782413396694707,0.3388907630038176,-6.56
279,2.2782413396694707,0.3388907630038176,-6.56
280,2.2782413396694707,0.3388907630038176,-6.56
281,2.2782413396694707,0.3388907630038176,-6.56
282,0.21588969411403625,0.586849466613721,-6.084314081044072
283,0.21588969411403625,0.586849466613721,-6.084314081044072
284,0.21588969411403625,0.586849466613721,-6.084314081044072
285,0.21588969411403625,0.586849466613721,-6.084314081044072
286,0.21588969411403625,0.586849466613721,-6.084314081044072
287,0.21588969411403625,0.586849466613721,-6.084314081044072
288,0.13978465276159824,2.28167870662449,-3.698605963342901
289,0.13978465276159824,2.28167870662449,-3.698605963342901
290,0.13978465276159824,2.28167870662449,-3.698605963342901
291,0.13978465276159824,2.28167870662449,-3.698605963342901
292,0.13978465276159824,2.28167870662449,-3.698605963342901
293,0.13978465276159824,2.28167870662449,-3.698605963342901
294,0.03726372387901833,1.300655308992333,3.5
295,0.03726372387901833,1.300655308992333,3.5
296,0.03726372387901833,1.300655308992333,3.5
297,0.03726372387901833,1.300655308992333,3.5
298,0.03726372387901833,1.300655308992333,3.5
299,0.03726372387901833,1.300655308992333,3.5
300,0.018828412187605892,0.2470410640084708,3.5
301,0.018828412187605892,0.2470410640084708,3.5
302,0.018828412187605892,0.2470410640084708,3.5
303,0.018828412187605892,0.2470410640084708,3.5
304,0.018828412187605892,0.2470410640084708,3.5
305,0.018828412187605892,0.2470410640084708,3.5
306,-6.56,2.2945742933891182,3.5
307,-6.56,2.2945742933891182,3.5
308,-6.56,2.2945742933891182,3.5
309,-6.56,2.2945742933891182,3.5
310,-6.56,2.2945742933891182,3.5
311,-6.56,2.2945742933891182,3.5
312,-6.56,-1.9251336421251892,3.5
313,-6.56,-1.9251336421251892,3.5
314,-6.56,-1.9251336421251892,3.5
315,-6.56,-1.9251336421251892,3.5
316,-6.56,-1.9251336421251892,3.5
317,-6.56,-1.9251336421251892,3.5
318,-3.6589054651643202,-1.978222692627476,3.5
319,-3.6589054651643202,-1.978222692627476,3.5
320,-3.6589054651643202,-1.978222692627476,3.5
321,-3.6589054651643202,-1.978222692627476,3.5
322,-3.6589054651643202,-1.978222692627476,3.5
323,-3.6589054651643202,-1.978222692627476,3.5
324,-0.8349719964120474,-4.817576683926703,3.5
325,-0.8349719964120474,-4.817576683926703,3.5
326,-0.8349719964120474,-4.817576683926703,3.5
327,-0.8349719964120474,-4.817576683926703,3.5
328,-0.8349719964120474,-4.817576683926703,3.5
329,-0.8349719964120474,-4.817576683926703,3.5
330,3.5,-0.8271506613041311,3.5
331,3.5,-0.8271506613041311,3.5
332,3.5,-0.8271506613041311,3.5
333,3.5,-0.8271506613041311,3.5
334,3.5,-0.8271506613041311,3.5
335,3.5,-0.8271506613041311,3.5
336,3.5,-0.895441292668842,3.5
337,3.5,-0.895441292668842,3.5
338,3.5,-0.895441292668842,3.5
339,3.5,-0.895441292668842,3.5
340,3.5,-0.895441292668842,3.5
341,3.5,-0.895441292668842,3.5
342,3.5,0.41066299267044926,-6.56
343,3.5,0.41066299267044926,-6.56
344,3.5,0.41066299267044926,-6.56
345,3.5,0.41066299267044926,-6.56
346,3.5,0.41066299267044926,-6.56
347,3.5,0.41066299267044926,-6.56
348,3.5,3.5,-6.56
349,3.5,3.5,-6.56
350,3.5,3.5,-6.56
351,3.5,3.5,-6.56
352,3.5,3.5,-6.56
353,3.5,3.5,-6.56
354,3.5,3.5,-6.56
355,3.5,3.5,-6.56
356,3.5,3.5,-6.56
357,3.5,3.5,-6.56
358,3.5,3.5,-6.56
359,3.5,3.5,-6.56
360,3.5,1.456223557312775,-6.56
361,3.5,1.456223557312775,-6.56
362,3.5,1.456223557312775,-6.56
363,3.5,1.456223557312775,-6.56
364,3.5,1.456223557312775,-6.56
365,3.5,1.456223557312775,-6.56
366,3.5,3.5,-6.56
367,3.5,3.5,-6.56
368,3.5,3.5,-6.56
369,3.5,3.5,-6.56
370,3.5,3.5,-6.56
371,3.5,3.5,-6.56
372,3.5,3.5,-6.56
373,3.5,3.5,-6.56
374,3.5,3.5,-6.56
375,3.5,3.5,-6.56
376,3.5,3.5,-6.56
377,3.5,3.5,-6.56
378,3.5,3.5,-6.56
379,3.5,3.5,-6.56
380,3.5,3.5,-6.56
381,3.5,3.5,-6.56
382,3.5,3.5,-6.56
383,3.5,3.5,-6.56
384,3.5,3.334818074307364,-6.56
385,3.5,3.334818074307364,-6.56
386,3.5,3.334818074307364,-6.56
387,3.5,3.334818074307364,-6.56
388,3.5,3.334818074307364,-6.56
389,3.5,3.334818074307364,-6.56
390,3.5,1.1516885410672515,-2.005392661345356
391,3.5,1.1516885410672515,-2.005392661345356
392,3.5,1.1516885410672515,-2.005392661345356
393,3.5,1.1516885410672515,-2.005392661345356
394,3.5,1.1516885410672515,-2.005392661345356
395,3.5,1.1516885410672515,-2.005392661345356
396,3.5,2.3939369016005685,-0.3635133342893193
397,3.5,2.3939369016005685,-0.3635133342893193
398,3.5,2.3939369016005685,-0.3635133342893193
399,3.5,2.3939369016005685,-0.3635133342893193
400,3.5,2.3939369016005685,-0.3635133342893193
401,3.5,2.3939369016005685,-0.3635133342893193
402,3.5,3.2023820514018126,-0.10223928595622844
403,3.5,3.2023820514018126,-0.10223928595622844
404,3.5,3.2023820514018126,-0.10223928595622844
405,3.5,3.2023820514018126,-0.10223928595622844
406,3.5,3.2023820514018126,-0.10223928595622844
407,3.5,3.2023820514018126,-0.10223928595622844
408,3.5,2.8513114773490003,-0.12782571845427504
409,3.5,2.8513114773490003,-0.12782571845427504
410,3.5,2.8513114773490003,-0.12782571845427504
411,3.5,2.8513114773490003,-0.12782571845427504
412,3.5,2.8513114773490003,-0.12782571845427504
413,3.5,2.8513114773490003,-0.12782571845427504
414,1.9309043341705916,3.5,-0.051262500297662994
415,1.9309043341705916,3.5,-0.051262500297662994
416,1.9309043341705916,3.5,-0.051262500297662994
417,1.9309043341705916,3.5,-0.051262500297662994
418,1.9309043341705916,3.5,-0.051262500297662994
419,1.9309043341705916,3.5,-0.051262500297662994
420,0.6676038495923322,-1.8038252783763227,-0.21260176697973954
421,0.6676038495923322,-1.8038252783763227,-0.21260176697973954
422,0.6676038495923322,-1.8038252783763227,-0.21260176697973954
423,0.6676038495923322,-1.8038252783763227,-0.21260176697973954
424,0.6676038495923322,-1.8038252783763227,-0.21260176697973954
425,0.6676038495923322,-1.8038252783763227,-0.21260176697973954
426,0.15286734120069667,3.5,0.10048559246041777
427,0.15286734120069667,3.5,0.10048559246041777
428,0.15286734120069667,3.5,0.10048559246041777
429,0.15286734120069667,3.5,0.10048559246041777
430,0.15286734120069667,3.5,0.10048559246041777
431,0.15286734120069667,3.5,0.10048559246041777
432,0.07527637471410742,3.5,0.10124235432653395
433,0.07527637471410742,3.5,0.10124235432653395
434,0.07527637471410742,3.5,0.10124235432653395
435,0.07527637471410742,3.5,0.10124235432653395
436,0.07527637471410742,3.5,0.10124235432653395
437,0.07527637471410742,3.5,0.10124235432653395
438,0.10844090728404154,-0.4351843551635568,0.10217972603329128
439,0.10844090728404154,-0.4351843551635568,0.10217972603329128
440,0.10844090728404154,-0.4351843551635568,0.10217972603329128
441,0.10844090728404154,-0.4351843551635568,0.10217972603329128
442,0.10844090728404154,-0.4351843551635568,0.10217972603329128
443,0.10844090728404154,-0.4351843551635568,0.10217972603329128
444,0.07444520649239195,0.7507130126326871,0.2624373087466778
445,0.07444520649239195,0.7507130126326871,0.2624373087466778
446,0.07444520649239195,0.7507130126326871,0.2624373087466778
447,0.07444520649239195,0.7507130126326871,0.2624373087466778
448,0.07444520649239195,0.7507130126326871,0.2624373087466778
449,0.07444520649239195,0.7507130126326871,0.2624373087466778
450,-6.56,3.2462226434742547,-0.044244606335182235
451,-6.56,3.2462226434742547,-0.044244606335182235
452,-6.56,3.2462226434742547,-0.044244606335182235
453,-6.56,3.2462226434742547,-0.044244606335182235
454,-6.56,3.2462226434742547,-0.044244606335182235
455,-6.56,3.2462226434742547,-0.044244606335182235
456,-6.56,-6.266235275516692,0.05393887448846724
457,-6.56,-6.266235275516692,0.05393887448846724
458,-6.56,-6.266235275516692,0.05393887448846724
459,-6.56,-6.266235275516692,0.05393887448846724
460,-6.56,-6.266235275516692,0.05393887448846724
461,-6.56,-6.266235275516692,0.05393887448846724
462,-6.56,2.139844544877036,-0.07215096570355373
463,-6.56,2.139844544877036,-0.07215096570355373
464,-6.56,2.139844544877036,-0.07215096570355373
465,-6.56,2.139844544877036,-0.07215096570355373
466,-6.56,2.139844544877036,-0.07215096570355373
467,-6.56,2.139844544877036,-0.07215096570355373
468,-6.56,-3.0387222690281988,3.5
469,-6.56,-3.0387222690281988,3.5
470,-6.56,-3.0387222690281988,3.5
471,-6.56,-3.0387222690281988,3.5
472,-6.56,-3.0387222690281988,3.5
473,-6.56,-3.0387222690281988,3.5
474,-4.6068433881084765,-3.146785151568494,3.5
475,-4.6068433881084765,-3.146785151568494,3.5
476,-4.6068433881084765,-3.146785151568494,3.5
477,-4.6068433881084765,-3.146785151568494,3.5
478,-4.6068433881084765,-3.146785151568494,3.5
479,-4.6068433881084765,-3.146785151568494,3.5
480,-1.5225627398370456,-4.308551280663494,3.5
481,-1.5225627398370456,-4.308551280663494,3.5
482,-1.5225627398370456,-4.308551280663494,3.5
483,-1.5225627398370456,-4.308551280663494,3.5
484,-1.5225627398370456,-4.308551280663494,3.5
485,-1.5225627398370456,-4.308551280663494,3.5
486,3.5,-1.4487113637279094,3.5
487,3.5,-1.4487113637279094,3.5
488,3.5,-1.4487113637279094,3.5
489,3.5,-1.4487113637279094,3.5
490,3.5,-1.4487113637279094,3.5
491,3.5,-1.4487113637279094,3.5
492,3.5,-2.92935110283085,3.5
493,3.5,-2.92935110283085,3.5
494,3.5,-2.92935110283085,3.5
495,3.5,-2.92935110283085,3.5
496,3.5,-2.92935110283085,3.5
497,3.5,-2.92935110283085,3.5
498,-6.56,-1.2095968936930888,3.5
499,-6.56,-1.2095968936930888,3.5
500,-6.56,-1.2095968936930888,3.5
501,-6.56,-1.2095968936930888,3.5
502,-6.56,-1.2095968936930888,3.5
503,-6.56,-1.2095968936930888,3.5
504,-6.56,1.870081145914824,3.269055118548682
505,-6.56,1.870081145914824,3.269055118548682
506,-6.56,1.870081145914824,3.269055118548682
507,-6.56,1.870081145914824,3.269055118548682
508,-6.56,1.870081145914824,3.269055118548682
509,-6.56,1.870081145914824,3.269055118548682
510,-6.56,-2.300631264964572,0.6037875261895209
511,-6.56,-2.300631264964572,0.6037875261895209
512,-6.56,-2.300631264964572,0.6037875261895209
513,-6.56,-2.300631264964572,0.6037875261895209
514,-6.56,-2.300631264964572,0.6037875261895209
515,-6.56,-2.300631264964572,0.6037875261895209
516,3.5,-1.9266291855868545,0.32313113410227245
517,3.5,-1.9266291855868545,0.32313113410227245
518,3.5,-1.9266291855868545,0.32313113410227245
519,3.5,-1.9266291855868545,0.32313113410227245
520,3.5,-1.9266291855868545,0.32313113410227245
521,3.5,-1.9266291855868545,0.32313113410227245
522,2.5181798437967444,-5.033223274240349,0.2352459300775962
523,2.5181798437967444,-5.033223274240349,0.2352459300775962
524,2.5181798437967444,-5.033223274240349,0.2352459300775962
525,2.5181798437967444,-5.033223274240349,0.2352459300775962
526,2.5181798437967444,-5.033223274240349,0.2352459300775962
527,2.5181798437967444,-5.033223274240349,0.2352459300775962
528,1.4702402971349002,-1.6997718949118976,0.026933078379798303
529,1.4702402971349002,-1.6997718949118976,0.026933078379798303
530,1.4702402971349002,-1.6997718949118976,0.026933078379798303
531,1.4702402971349002,-1.6997718949118976,0.026933078379798303
532,1.4702402971349002,-1.6997718949118976,0.026933078379798303
533,1.4702402971349002,-1.6997718949118976,0.026933078379798303
534,0.8773955438571122,-1.4930082311715793,-0.08812135682486755
535,0.8773955438571122,-1.4930082311715793,-0.08812135682486755
536,0.8773955438571122,-1.4930082311715793,-0.08812135682486755
537,0.8773955438571122,-1.4930082311715793,-0.08812135682486755
538,0.8773955438571122,-1.4930082311715793,-0.08812135682486755
539,0.8773955438571122,-1.4930082311715793,-0.08812135682486755
540,0.21352567977235992,0.24608320831568165,-0.17892072217219024
541,0.21352567977235992,0.24608320831568165,-0.17892072217219024
542,0.21352567977235992,0.24608320831568165,-0.17892072217219024
543,0.21352567977235992,0.24608320831568165,-0.17892072217219024
544,0.21352567977235992,0.24608320831568165,-0.17892072217219024
545,0.21352567977235992,0.24608320831568165,-0.17892072217219024
546,0.10529326788853055,-1.408278113299943,-0.25369999751769967
547,0.10529326788853055,-1.408278113299943,-0.25369999751769967
548,0.10529326788853055,-1.408278113299943,-0.25369999751769967
549,0.10529326788853055,-1.408278113299943,-0.25369999751769967
550,0.10529326788853055,-1.408278113299943,-0.25369999751769967
551,0.10529326788853055,-1.408278113299943,-0.25369999751769967
552,0.03403477182478554,2.7872190449000485,-0.17207544552841014
553,0.03403477182478554,2.7872190449000485,-0.17207544552841014
554,0.03403477182478554,2.7872190449000485,-0.17207544552841014
555,0.03403477182478554,2.7872190449000485,-0.17207544552841014
556,0.03403477182478554,2.7872190449000485,-0.17207544552841014
557,0.03403477182478554,2.7872190449000485,-0.17207544552841014
558,0.12756855859386818,-0.840425023026782,-0.13422482288183346
559,0.12756855859386818,-0.840425023026782,-0.13422482288183346
560,0.12756855859386818,-0.840425023026782,-0.13422482288183346
561,0.12756855859386818,-0.840425023026782,-0.13422482288183346
562,0.12756855859386818,-0.840425023026782,-0.13422482288183346
563,0.12756855859386818,-0.840425023026782,-0.13422482288183346
564,-0.12941932811325785,-2.791522516179562,-0.09683627399656558
565,-0.12941932811325785,-2.791522516179562,-0.09683627399656558
566,-0.12941932811325785,-2.791522516179562,-0.09683627399656558
567,-0.12941932811325785,-2.791522516179562,-0.09683627399656558
568,-0.12941932811325785,-2.791522516179562,-0.09683627399656558
569,-0.12941932811325785,-2.791522516179562,-0.09683627399656558
570,-0.11252962741642847,1.9876993383434396,0.04214667342213829
571,-0.11252962741642847,1.9876993383434396,0.04214667342213829
572,-0.11252962741642847,1.9876993383434396,0.04214667342213829
573,-0.11252962741642847,1.9876993383434396,0.04214667342213829
574,-0.11252962741642847,1.9876993383434396,0.04214667342213829
575,-0.11252962741642847,1.9876993383434396,0.04214667342213829
576,-0.02243425774830854,1.0569357242993007,0.18166409880704748
577,-0.02243425774830854,1.0569357242993007,0.18166409880704748
578,-0.02243425774830854,1.0569357242993007,0.18166409880704748
579,-0.02243425774830854,1.0569357242993007,0.18166409880704748
580,-0.02243425774830854,1.0569357242993007,0.18166409880704748
581,-0.02243425774830854,1.0569357242993007,0.18166409880704748
582,0.02947374567489547,1.2360496495142428,-0.045124587402209926
583,0.02947374567489547,1.2360496495142428,-0.045124587402209926
584,0.02947374567489547,1.2360496495142428,-0.045124587402209926
585,0.02947374567489547,1.2360496495142428,-0.045124587402209926
586,0.02947374567489547,1.2360496495142428,-0.045124587402209926
587,0.02947374567489547,1.2360496495142428,-0.045124587402209926
588,-0.11156711945705311,-2.2431161658632846,-0.11871203772427918
589,-0.11156711945705311,-2.2431161658632846,-0.11871203772427918
590,-0.11156711945705311,-2.2431161658632846,-0.11871203772427918
591,-0.11156711945705311,-2.2431161658632846,-0.11871203772427918
592,-0.11156711945705311,-2.2431161658632846,-0.11871203772427918
593,-0.11156711945705311,-2.2431161658632846,-0.11871203772427918
594,3.5,0.9144803974411033,-2.489940839909618
595,3.5,0.9144803974411033,-2.489940839909618
596,3.5,0.9144803974411033,-2.489940839909618
597,3.5,0.9144803974411033,-2.489940839909618
598,3.5,0.9144803974411033,-2.489940839909618
599,3.5,0.9144803974411033,-2.489940839909618
600,3.5,0.15540035003783004,-1.1586520596508159
601,3.5,0.15540035003783004,-1.1586520596508159
602,3.5,0.15540035003783004,-1.1586520596508159
603,3.5,0.15540035003783004,-1.1586520596508159
604,3.5,0.15540035003783004,-1.1586520596508159
605,3.5,0.15540035003783004,-1.1586520596508159
606,3.5,1.1869237983964993,-0.18634960779986542
607,3.5,1.1869237983964993,-0.18634960779986542
608,3.5,1.1869237983964993,-0.18634960779986542
609,3.5,1.1869237983964993,-0.18634960779986542
610,3.5,1.1869237983964993,-0.18634960779986542
611,3.5,1.1869237983964993,-0.18634960779986542
612,3.5,3.5,-0.08778803583294348
613,3.5,3.5,-0.08778803583294348
614,3.5,3.5,-0.08778803583294348
615,3.5,3.5,-0.08778803583294348
616,3.5,3.5,-0.08778803583294348
617,3.5,3.5,-0.08778803583294348
618,3.5,3.5,0.16888384252647093
619,3.5,3.5,0.16888384252647093
620,3.5,3.5,0.16888384252647093
621,3.5,3.5,0.16888384252647093
622,3.5,3.5,0.16888384252647093
623,3.5,3.5,0.16888384252647093
624,3.5,3.5,-0.0673074665918314
625,3.5,3.5,-0.0673074665918314
626,3.5,3.5,-0.0673074665918314
627,3.5,3.5,-0.0673074665918314
628,3.5,3.5,-0.0673074665918314
629,3.5,3.5,-0.0673074665918314
630,3.5,3.5,-0.02808784785601226
631,3.5,3.5,-0.02808784785601226
632,3.5,3.5,-0.02808784785601226
633,3.5,3.5,-0.02808784785601226
634,3.5,3.5,-0.02808784785601226
635,3.5,3.5,-0.02808784785601226
636,2.4914592975110565,1.4637616840914234,-0.26016551888364425
637,2.4914592975110565,1.4637616840914234,-0.26016551888364425
638,2.4914592975110565,1.4637616840914234,-0.26016551888364425
639,2.4914592975110565,1.4637616840914234,-0.26016551888364425
640,2.4914592975110565,1.4637616840914234,-0.26016551888364425
641,2.4914592975110565,1.4637616840914234,-0.26016551888364425
642,1.919483229267648,3.5,0.08692858401981951
643,1.919483229267648,3.5,0.08692858401981951
644,1.919483229267648,3.5,0.08692858401981951
645,1.919483229267648,3.5,0.08692858401981951
646,1.919483229267648,3.5,0.08692858401981951
647,1.919483229267648,3.5,0.08692858401981951
648,1.2017637896385622,0.01286178774070379,0.16282346421380645
649,1.2017637896385622,0.01286178774070379,0.16282346421380645
650,1.2017637896385622,0.01286178774070379,0.16282346421380645
651,1.2017637896385622,0.01286178774070379,0.16282346421380645
652,1.2017637896385622,0.01286178774070379,0.16282346421380645
653,1.2017637896385622,0.01286178774070379,0.16282346421380645
654,0.3451193506176722,3.5,0.1285382503841337
655,0.3451193506176722,3.5,0.1285382503841337
656,0.3451193506176722,3.5,0.1285382503841337
657,0.3451193506176722,3.5,0.1285382503841337
658,0.3451193506176722,3.5,0.1285382503841337
659,0.3451193506176722,3.5,0.1285382503841337
660,0.33330780315476716,3.5,0.09624738132942845
661,0.33330780315476716,3.5,0.09624738132942845
662,0.33330780315476716,3.5,0.09624738132942845
663,0.33330780315476716,3.5,0.09624738132942845
664,0.33330780315476716,3.5,0.09624738132942845
665,0.33330780315476716,3.5,0.09624738132942845
666,0.06810951613724825,-0.26293696306595393,0.13171344810275443
667,0.06810951613724825,-0.26293696306595393,0.13171344810275443
668,0.06810951613724825,-0.26293696306595393,0.13171344810275443
669,0.06810951613724825,-0.26293696306595393,0.13171344810275443
670,0.06810951613724825,-0.26293696306595393,0.13171344810275443
671,0.06810951613724825,-0.26293696306595393,0.13171344810275443
672,-0.02366489745350009,0.8192850743486275,-0.08144691534378268
673,-0.02366489745350009,0.8192850743486275,-0.08144691534378268
674,-0.02366489745350009,0.8192850743486275,-0.08144691534378268
675,-0.02366489745350009,0.8192850743486275,-0.08144691534378268
676,-0.02366489745350009,0.8192850743486275,-0.08144691534378268
677,-0.02366489745350009,0.8192850743486275,-0.08144691534378268
678,-0.010368357708770759,-1.1275034614581898,-0.03202611862188398
